repo,workflowCount,distinctActions,actionInvocations,unpinnedActions,legacyActions,managedTemplateWorkflows
Trancendos/trancendos-ecosystem,48,56,205,197,3,0
Trancendos/secrets-portal,8,8,10,10,2,0
Trancendos/norman-ai,2,3,6,6,0,2
Trancendos/the-workshop,0,0,0,0,0,0
Trancendos/the-void,0,0,0,0,0,0
Trancendos/the-treasury,0,0,0,0,0,0
Trancendos/the-sanctuary,0,0,0,0,0,0
Trancendos/the-observatory,0,0,0,0,0,0
Trancendos/the-nexus,0,0,0,0,0,0
Trancendos/the-lighthouse,0,0,0,0,0,0
Trancendos/the-library,0,0,0,0,0,0
Trancendos/the-ice-box,0,0,0,0,0,0
Trancendos/the-hive,0,0,0,0,0,0
Trancendos/the-foundation,0,0,0,0,0,0
Trancendos/the-forge,0,0,0,0,0,0
Trancendos/the-dr-ai,0,0,0,0,0,0
Trancendos/the-cryptex,0,0,0,0,0,0
Trancendos/the-citadel,0,0,0,0,0,0
Trancendos/the-agora,0,0,0,0,0,0
Trancendos/solarscene-ai,0,0,0,0,0,0
Trancendos/shared-core,0,0,0,0,0,0
Trancendos/serenity-ai,0,0,0,0,0,0
Trancendos/sentinel-ai,0,0,0,0,0,0
Trancendos/renik-ai,0,0,0,0,0,0
Trancendos/queen-ai,0,0,0,0,0,0
Trancendos/prometheus-ai,0,0,0,0,0,0
Trancendos/porter-family-ai,0,0,0,0,0,0
Trancendos/oracle-ai,0,0,0,0,0,0
Trancendos/nexus-ai,0,0,0,0,0,0
Trancendos/mercury-ai,0,0,0,0,0,0
Trancendos/lunascene-ai,0,0,0,0,0,0
Trancendos/lille-sc-ai,0,0,0,0,0,0
Trancendos/iris-ai,0,0,0,0,0,0
Trancendos/infrastructure,0,0,0,0,0,0
Trancendos/infinity-portal,0,0,0,0,0,0
Trancendos/guardian-ai,0,0,0,0,0,0
Trancendos/echo-ai,0,0,0,0,0,0
Trancendos/dorris-ai,0,0,0,0,0,0
Trancendos/cornelius-ai,0,0,0,0,0,0
Trancendos/chronos-ai,0,0,0,0,0,0
Trancendos/central-plexus,0,0,0,0,0,0
Trancendos/atlas-ai,0,0,0,0,0,0
Trancendos/arcadia,0,0,0,0,0,0
